record_id	requirement_id	assertion_status	source_class	verification	applicability	source_date	access_date	next_review_date	record_owner	source_uri	retained_copy	retained_sha256	document_version	extract_reference	confidentiality	adverse_evidence	resolution_status	resolved_by	resolution_date	resolution_authority	resolution_basis	decision_use	verified_by	verification_date	verification_procedures	approved_by	conflict_status	limitations
BM-PUB-001	REF-LEGAL-OPERATOR	mixed	government-disclosure	V1	near	2022-12-07	2026-08-27	2026-11-27	FCA-research	https://www.commerce.nc.gov/news/press-releases/2022/12/07/governor-cooper-announces-food-tech-company-build-first-large-scale-production-facility-123-million	NONE	NONE	web-version-unretained	historical-name-and-incentive-recipient	public	true	open	NONE	NONE	NONE	OPEN - current legal operator and estate authority require primary records	question-only	FCA research reviewer	2026-08-27	URL access and scoped claim extraction; no controlled retained copy	NONE	not-assessed	North Carolina identified Future Meat Technologies Inc. d/b/a Believer Meats historically; current operator, estate authority, borrower, obligor, and SPV chain are not established.
BM-PUB-002	REF-FACILITY-SITE	supports	regulator	V2	exact	2026-02-04	2026-08-27	2026-11-27	FCA-research	https://www.labor.communications.its.state.nc.us/elevPublic/scripts/e_pa_1d.cfm?state_id=37239	NONE	NONE	web-version-unretained	state-id-37239-summary	public	false	not-applicable	NONE	NONE	NONE	NONE	question-only	FCA research reviewer	2026-08-27	URL access and scoped claim extraction; no controlled retained copy	NONE	not-assessed	State elevator record identifies 4939 Lamm Road and physical installation only; it does not establish title, the full site perimeter, commissioning, or production.
BM-PUB-003	REF-FACILITY-SITE	partial	operator-disclosure	V1	exact	2022-12-07	2026-08-27	2026-11-27	FCA-research	https://www.believermeats.com/press/believer-meats-breaks-ground-on-largest-cultivated-meat-production-facility-in-the-world	NONE	NONE	web-version-unretained	facility-announcement	public	false	not-applicable	NONE	NONE	NONE	NONE	question-only	FCA research reviewer	2026-08-27	URL access and scoped claim extraction; no controlled retained copy	NONE	not-assessed	Company announcement states 200,000 square feet and 10,000 metric tonnes of capacity without establishing achieved capacity, title, or current control.
BM-PUB-004	REF-PRODUCT-SPEC	partial	regulator	V2	exact	2026-02-19	2026-08-27	2026-11-27	FCA-research	https://hfpappexternal.fda.gov/scripts/fdcc/index.cfm?id=039&set=AnimalCellCultureFoods	NONE	NONE	web-version-unretained	CCC-039-inventory-fields	public	false	not-applicable	NONE	NONE	NONE	NONE	question-only	FCA research reviewer	2026-08-27	URL access and scoped claim extraction; no controlled retained copy	NONE	not-assessed	FDA identifies cultured chicken fibroblast cell biomass; an executed buyer specification and exact financeable finished product are absent.
BM-PUB-005	REF-PROCESS-BOUNDARY	partial	operator-disclosure	V2	near	2025-07-24	2026-08-27	2026-11-27	FCA-research	https://www.fda.gov/media/188065/download	NONE	NONE	web-version-unretained	sponsor-process-description-pages-2-15	public	false	not-applicable	NONE	NONE	NONE	NONE	question-only	FCA research reviewer	2026-08-27	URL access and scoped claim extraction; no controlled retained copy	NONE	not-assessed	Sponsor process assertions published in the FDA file describe cell banking through harvest; exact Wilson equipment, scale, yields, cycle times, and process-version crosswalk are absent.
BM-PUB-006	REF-JURISDICTION	supports	government-disclosure	V1	exact	2022-12-07	2026-08-27	2026-11-27	FCA-research	https://www.commerce.nc.gov/news/press-releases/2022/12/07/governor-cooper-announces-food-tech-company-build-first-large-scale-production-facility-123-million	NONE	NONE	web-version-unretained	Wilson-North-Carolina-location	public	false	not-applicable	NONE	NONE	NONE	NONE	question-only	FCA research reviewer	2026-08-27	URL access and scoped claim extraction; no controlled retained copy	NONE	not-assessed	Official state announcement establishes the operating location only; contract governing law and dispute forum are separate unresolved requirements.
BM-PUB-007	REF-USE-OF-FUNDS	partial	operator-disclosure	V1	near	2022-12-07	2026-08-27	2026-11-27	FCA-research	https://www.believermeats.com/press/believer-meats-breaks-ground-on-largest-cultivated-meat-production-facility-in-the-world	NONE	NONE	web-version-unretained	historical-planned-investment	public	false	not-applicable	NONE	NONE	NONE	NONE	question-only	FCA research reviewer	2026-08-27	URL access and scoped claim extraction; no controlled retained copy	NONE	not-assessed	USD 123.35 million was an initial planned investment, not a current board-approved financing need, reconciled budget, or receivership use of funds.
BM-PUB-008	REF-REGULATORY-FACILITY-SCOPE	mixed	operator-disclosure	V1	near	2025-07-24	2026-08-27	2026-11-27	FCA-research	https://www.fda.gov/media/188065/download	NONE	NONE	web-version-unretained	sponsor-scale-up-intention-page-14	public	true	open	NONE	NONE	NONE	OPEN - exact Wilson regulatory and operating scope must be reconciled	question-only	FCA research reviewer	2026-08-27	URL access and scoped claim extraction; no controlled retained copy	NONE	not-assessed	FDA's file records the sponsor's intention to scale in North Carolina and obtain confirming data; it does not establish Wilson-scale qualification or facility permissions.
BM-PUB-009	TEC-COMPLETE-RUN-HISTORY	partial	operator-disclosure	V1	adjacent	2025-07-24	2026-08-27	2026-11-27	FCA-research	https://www.fda.gov/media/188065/download	NONE	NONE	web-version-unretained	sponsor-run-description-pages-2-and-21	public	false	not-applicable	NONE	NONE	NONE	NONE	question-only	FCA research reviewer	2026-08-27	URL access and scoped claim extraction; no controlled retained copy	NONE	not-assessed	The sponsor reported several production runs in the FDA file; this is neither the complete run population nor verified Wilson commercial-scale history.
BM-PUB-010	REG-PRODUCT-SCOPE	partial	regulator	V2	exact	2026-02-19	2026-08-27	2026-11-27	FCA-research	https://hfpappexternal.fda.gov/scripts/fdcc/index.cfm?id=039&set=AnimalCellCultureFoods	NONE	NONE	web-version-unretained	CCC-039-consultation-inventory	public	false	not-applicable	NONE	NONE	NONE	NONE	question-only	FCA research reviewer	2026-08-27	URL access and scoped claim extraction; no controlled retained copy	NONE	not-assessed	FDA consultation is product-and-process specific and does not alone establish USDA inspection, label approval, state-law sale permission, or current operating authorization.
BM-PUB-011	REG-OPEN-CONDITIONS	mixed	operator-disclosure	V1	exact	UNDATED	2026-08-27	2026-11-27	FCA-research	https://www.believermeats.com/foodservice	NONE	NONE	web-version-unretained	pending-USDA-label-approval-text	public	true	open	NONE	NONE	NONE	OPEN - dynamic company page conflicts with later FSIS history and needs controlled reconciliation	question-only	FCA research reviewer	2026-08-27	URL access and scoped claim extraction; no controlled retained copy	NONE	not-assessed	The dynamic company page says USDA label approval is pending; it is undated and conflicts with later public regulatory history, so it is only a current-status question lead.
BM-PUB-012	COM-EXECUTED-OFFTAKE	partial	operator-disclosure	V2	near	2023-04-12	2026-08-27	2026-11-27	FCA-research	https://www.investors.adm.com/news/news-details/2023/ADM-Believer-Meats-to-Bring-Expertise-Together-to-Advance-the-Horizons-of-Cultivated-Meat/default.aspx	NONE	NONE	web-version-unretained	non-exclusive-exploratory-MOU	public	false	not-applicable	NONE	NONE	NONE	NONE	question-only	FCA research reviewer	2026-08-27	URL access and scoped claim extraction; no controlled retained copy	NONE	not-assessed	ADM and Believer described a non-exclusive exploratory MOU; it is not Wilson-specific offtake and does not prove that no separate binding demand contract exists.
BM-PUB-013	IMP-ANIMAL-INPUT-BASELINE	partial	operator-disclosure	V2	exact	2025-07-24	2026-08-27	2026-11-27	FCA-research	https://www.fda.gov/media/188065/download	NONE	NONE	web-version-unretained	sponsor-animal-input-description-pages-5-14	public	false	not-applicable	NONE	NONE	NONE	NONE	question-only	FCA research reviewer	2026-08-27	URL access and scoped claim extraction; no controlled retained copy	NONE	not-assessed	Sponsor assertions identify fertilized eggs and upstream animal-derived reagents, with none after the secondary master cell bank; quantities and replacement frequency are not public.
BM-PUB-014	REF-PROCESS-BOUNDARY	partial	regulator	V2	near	2025-09-24	2026-08-27	2026-11-27	FCA-research	https://www.fda.gov/media/189007/download	NONE	NONE	web-version-unretained	supplement-removing-soy-derived-enzyme	public	false	not-applicable	NONE	NONE	NONE	NONE	question-only	FCA research reviewer	2026-08-27	URL access and scoped claim extraction; no controlled retained copy	NONE	not-assessed	FDA supplemental correspondence records removal of a soy-derived enzyme from the process narrative; exact Wilson implementation and change-control evidence are absent.
BM-PUB-015	REF-REGULATORY-FACILITY-SCOPE	mixed	government-disclosure	V1	near	UNDATED	2026-08-27	2026-11-27	FCA-research	https://www.wilsonnc.org/home/showpublisheddocument/8015/639025964261430000	NONE	NONE	web-version-unretained	FY2025-report-facility-and-jobs-description	public	true	open	NONE	NONE	NONE	OPEN - municipal description does not establish operating or regulatory status	question-only	FCA research reviewer	2026-08-27	URL access and scoped claim extraction; no controlled retained copy	NONE	not-assessed	Wilson's FY2025 report calls the site a production facility and says it created 100 jobs; it does not evidence commissioned output and must be reconciled with the later shutdown and inactive FSIS status.
BM-PUB-016	REF-FINANCING-OBLIGOR-AUTHORITY	mixed	media	V1	exact	2026-03-11	2026-08-27	2026-11-27	FCA-research	https://dockets.justia.com/docket/north-carolina/ncedce/5%3A2025cv00792/223551	NONE	NONE	web-version-unretained	federal-docket-receivership-notice-and-stay	public	true	open	NONE	NONE	NONE	OPEN - retain primary state receivership orders and current authority certificates	question-only	FCA research reviewer	2026-08-27	URL access and scoped claim extraction; no controlled retained copy	NONE	not-assessed	A federal docket mirror records a receivership notice and a stay pending state proceedings for Future Meat Technologies Inc.; it is not the controlling state order or a complete authority record.
BM-PUB-017	FIN-CLAIMS-RECOVERY	mixed	media	V1	exact	2026-03-11	2026-08-27	2026-11-27	FCA-research	https://dockets.justia.com/docket/north-carolina/ncedce/5%3A2025cv00792/223551	NONE	NONE	web-version-unretained	federal-contract-case-docket	public	true	open	NONE	NONE	NONE	OPEN - allegations, liens, priorities, orders, and claims require primary files	question-only	FCA research reviewer	2026-08-27	URL access and scoped claim extraction; no controlled retained copy	NONE	not-assessed	The docket mirror identifies Gray Construction litigation and later stay; complaint allegations are not findings and the estate claims and priority waterfall are not established.
BM-PUB-018	REF-ASSET-PERIMETER	mixed	media	V1	exact	2026-08-24	2026-08-27	2026-11-27	FCA-research	https://agfundernews.com/breaking-upside-foods-drops-bid-for-believer-meats-us-cultivated-meat-facility	NONE	NONE	web-version-unretained	receivership-sale-report	public	true	open	NONE	NONE	NONE	OPEN - current sale authority, asset schedule, exclusions, leases, liens, and IP perimeter require primary records	question-only	FCA research reviewer	2026-08-27	URL access and scoped claim extraction; no controlled retained copy	NONE	not-assessed	Secondary reporting says a USD 50 million stalking-horse bid ended with no qualifying bids and next steps were under review; sale status is evolving and not admitted as a court finding.
BM-PUB-019	FIN-CLAIMS-RECOVERY	mixed	media	V1	exact	2026-08-24	2026-08-27	2026-11-27	FCA-research	https://agfundernews.com/breaking-upside-foods-drops-bid-for-believer-meats-us-cultivated-meat-facility	NONE	NONE	web-version-unretained	sale-process-and-creditor-report	public	true	open	NONE	NONE	NONE	OPEN - primary claims register, sale orders, bid record, and distribution waterfall are absent	question-only	FCA research reviewer	2026-08-27	URL access and scoped claim extraction; no controlled retained copy	NONE	not-assessed	Secondary current reporting describes the U.S. receivership sale process; it is a diligence lead, not proof of allowed claims, priorities, recoveries, or final disposition.
BM-PUB-020	REF-IP-RIGHTS-CONTINUITY	mixed	media	V1	near	2026-05-22	2026-08-27	2026-11-27	FCA-research	https://news.bloomberglaw.com/bankruptcy-law/israeli-cultivated-meat-company-gets-us-bankruptcy-recognition	NONE	NONE	web-version-unretained	Chapter-15-recognition-report	public	true	open	NONE	NONE	NONE	OPEN - obtain the Chapter 15 petition and recognition order plus IP ownership and licence records	question-only	FCA research reviewer	2026-08-27	URL access and scoped claim extraction; no controlled retained copy	NONE	not-assessed	Secondary reporting distinguishes Future Meat Technologies Ltd.'s Israeli proceeding from the U.S. subsidiary receivership and reports that U.S. receiver-controlled assets were outside the Israeli case; exact IP title and licence continuity remain unknown.
BM-PUB-021	REG-OPEN-CONDITIONS	mixed	regulator	V2	exact	UNDATED	2026-08-27	2026-11-27	FCA-research	https://www.fsis.usda.gov/inspection/fsis-inspected-establishments/future-meat-technologies-inc	NONE	NONE	web-version-unretained	P2816-live-status-inactive	public	true	open	NONE	NONE	NONE	OPEN - pair the live detail page with the dated directory and retain the grant and inactivation records	question-only	FCA research reviewer	2026-08-27	URL access and scoped claim extraction; no controlled retained copy	NONE	not-assessed	FSIS currently lists Future Meat Technologies Inc. d/b/a Believer Meats, P2816, 4939 Lamm Road, as inactive; the live detail page is undated, and inactive means the establishment no longer has a grant of inspection.
BM-PUB-022	REF-REGULATORY-FACILITY-SCOPE	mixed	regulator	V2	exact	2026-08-24	2026-08-27	2026-11-27	FCA-research	https://www.fsis.usda.gov/inspection/establishments/meat-poultry-and-egg-product-inspection-directory	NONE	NONE	web-version-unretained	inactive-directory-definition-and-update-date	public	true	open	NONE	NONE	NONE	OPEN - retain the establishment grant, withdrawal or inactivation record, labels, and open-action history	question-only	FCA research reviewer	2026-08-27	URL access and scoped claim extraction; no controlled retained copy	NONE	not-assessed	FSIS's directory says inactive establishments no longer have a grant of inspection and reports an update date of 24 August 2026; the reason and exact chronology are not provided.
BM-PUB-023	CON-SCHEDULE	mixed	operator-disclosure	V1	near	2023-06-27	2026-08-27	2026-11-27	FCA-research	https://www.prnewswire.com/news-releases/believer-meats-ceo-gustavo-burger-meets-us-senators-ted-budd-and-thom-tillis-reaffirms-commitment-to-investing-in-north-carolina-301861050.html	NONE	NONE	web-version-unretained	anticipated-Q2-2024-opening	public	true	open	NONE	NONE	NONE	OPEN - planned opening must be reconciled to actual construction, commissioning, shutdown, and sale chronology	question-only	FCA research reviewer	2026-08-27	URL access and scoped claim extraction; no controlled retained copy	NONE	not-assessed	A company-issued 2023 release anticipated a Q2 2024 opening; elapsed milestone language is not proof of completion or operations.
BM-PUB-024	FIN-SOURCES-USES	partial	government-disclosure	V1	near	UNDATED	2026-08-27	2026-11-27	FCA-research	https://www.wilsonnc.org/home/showpublisheddocument/5061/638092193463830000	NONE	NONE	web-version-unretained	Project-Cascade-local-incentive-agenda	public	false	not-applicable	NONE	NONE	NONE	NONE	question-only	FCA research reviewer	2026-08-27	URL access and scoped claim extraction; no controlled retained copy	NONE	not-assessed	A Wilson City Council agenda is a lead for a municipal Project Cascade incentive; executed terms, compliance, draws, clawbacks, and estate treatment are not admitted.
BM-PUB-025	REF-FINANCING-OBLIGOR-AUTHORITY	partial	court-record	V2	exact	2026-04-23	2026-08-27	2026-11-27	FCA-research	https://www.courtlistener.com/docket/73236089/2/future-meat-technologies-ltd/	NONE	NONE	court-filed-motion-unretained	paragraphs-9-17-pages-3-5	public	false	not-applicable	NONE	NONE	NONE	NONE	question-only	FCA research reviewer	2026-08-27	Court-file provenance and scoped assertion extraction; no controlled retained copy	NONE	not-assessed	In a Chapter 15 motion, FML's foreign representative stated that FML owns FMI and that FMI was formed to construct and operate Wilson; this is a filed party assertion, not a final ownership or authority adjudication.
BM-PUB-026	REF-IP-RIGHTS-CONTINUITY	mixed	court-record	V2	exact	2026-04-23	2026-08-27	2026-11-27	FCA-research	https://www.courtlistener.com/docket/73236089/2/future-meat-technologies-ltd/	NONE	NONE	court-filed-motion-unretained	paragraphs-26-33	public	true	open	NONE	NONE	NONE	OPEN - retain patent, know-how, cell-bank, licence, assignment, and insolvency-continuity records	question-only	FCA research reviewer	2026-08-27	Court-file provenance and scoped assertion extraction; no controlled retained copy	NONE	not-assessed	The filed motion states that FML owns or controls patents, know-how, and the cell bank while FMI is the U.S. facility entity; these are party assertions and do not establish title, licence continuity, or successor rights.
BM-PUB-027	FIN-CLAIMS-RECOVERY	mixed	court-record	V2	exact	2026-04-23	2026-08-27	2026-11-27	FCA-research	https://www.courtlistener.com/docket/73236089/2/future-meat-technologies-ltd/	NONE	NONE	court-filed-motion-unretained	paragraphs-14-17	public	true	open	NONE	NONE	NONE	OPEN - retain the North Carolina limited and general receivership orders, claims register, sale authority, and current status	question-only	FCA research reviewer	2026-08-27	Court-file provenance and scoped assertion extraction; no controlled retained copy	NONE	not-assessed	The foreign representative's filed motion states that a limited receiver was appointed on 31 December 2025 and general receiver Kevin L. Sink on 6 February 2026 to control and sell or liquidate FMI assets; the state orders themselves are not retained.
BM-PUB-028	CON-CAPEX-QUOTES	mixed	court-record	V2	exact	2026-04-23	2026-08-27	2026-11-27	FCA-research	https://www.courtlistener.com/docket/73236089/2/future-meat-technologies-ltd/	NONE	NONE	court-filed-record-unretained	paragraph-12-pages-3-4	public	true	open	NONE	NONE	NONE	OPEN - reconcile original budget, scope, equipment, commitments, invoices, claims, and final cost	question-only	FCA research reviewer	2026-08-27	Court-file provenance and scoped assertion extraction; no controlled retained copy	NONE	not-assessed	The foreign representative's filed motion states, based on information provided to the trustee, that approximately USD 154 million was invested in the plant structure excluding production equipment; this is an unaudited party assertion with a different scope and date from the 2022 initial plan.
BM-PUB-029	FIN-SOURCES-USES	mixed	court-record	V2	exact	2026-04-23	2026-08-27	2026-11-27	FCA-research	https://www.courtlistener.com/docket/73236089/2/future-meat-technologies-ltd/	NONE	NONE	court-filed-record-unretained	paragraph-12-pages-3-4	public	true	open	NONE	NONE	NONE	OPEN - reconcile historical investment, funding sources, assets, unpaid claims, and current estate uses	question-only	FCA research reviewer	2026-08-27	Court-file provenance and scoped assertion extraction; no controlled retained copy	NONE	not-assessed	The filed USD 154 million plant-structure assertion requires reconciliation to the USD 123.35 million 2022 initial plan, equipment costs, funding, liabilities, and estate records; neither figure is admitted as audited final cost.
BM-PUB-030	CON-SCHEDULE	mixed	court-record	V2	exact	2026-04-23	2026-08-27	2026-11-27	FCA-research	https://www.courtlistener.com/docket/73236089/4/future-meat-technologies-ltd/	NONE	NONE	court-filed-record-unretained	trustee-declaration-cost-overrun-and-delay-assertions	public	true	open	NONE	NONE	NONE	OPEN - reconcile sworn assertions to baseline schedules, change records, regulatory chronology, commissioning, and liquidity	question-only	FCA research reviewer	2026-08-27	Court-file provenance and scoped assertion extraction; no controlled retained copy	NONE	not-assessed	A sworn trustee declaration attributes the liquidity crisis in part to cost overruns and construction and regulatory delays; it is a party declaration, not an adjudicated root-cause finding.
BM-PUB-031	REF-ASSET-PERIMETER	partial	public-filing	V2	exact	UNDATED	2026-08-27	2026-11-27	FCA-research	https://rod.wilson-co.com/External/LandRecords/protected/v4/SrchParcel.aspx?bAutoSearch=True&gp=2792762147000	NONE	NONE	live-county-index-unretained	GPIN-2792762147000-instrument-index	public	false	not-applicable	NONE	NONE	NONE	NONE	question-only	FCA research reviewer	2026-08-27	County instrument-index access and scoped entry extraction; instrument images not retained	NONE	not-assessed	Wilson County's parcel index records July 2024 deed and quitclaim-deed entries from Wilson County Properties Inc. to Future Meat Technologies Inc. and a September 2024 easement to the City of Wilson; actual instruments, current title, and full asset perimeter are not retained.
BM-PUB-032	FIN-CLAIMS-RECOVERY	mixed	public-filing	V2	exact	UNDATED	2026-08-27	2026-11-27	FCA-research	https://rod.wilson-co.com/External/LandRecords/protected/v4/SrchParcel.aspx?bAutoSearch=True&gp=2792762147000	NONE	NONE	live-county-index-unretained	GPIN-2792762147000-instrument-index	public	true	open	NONE	NONE	NONE	OPEN - retain the deed of trust, current title and UCC searches, claims, payoff, priority, and release records	question-only	FCA research reviewer	2026-08-27	County instrument-index access and scoped entry extraction; instrument images not retained	NONE	not-assessed	The county index records a 26 November 2025 deed of trust from Future Meat Technologies Inc. to ADM Ventures Investment Corp.; it does not establish current balance, validity, priority, release, or all secured parties and must be reconciled with other creditor records.
BM-PUB-033	FIN-CLAIMS-RECOVERY	mixed	court-record	V2	exact	2026-03-11	2026-08-27	2026-11-27	FCA-research	https://ecf.nced.uscourts.gov/doc1/131010657783?caseid=223551	NONE	NONE	official-court-order-unretained	order-granting-stay-and-requiring-status-reports	public	true	open	NONE	NONE	NONE	OPEN - retain the full federal and state records, claims, liens, receivership orders, and current status reports	question-only	FCA research reviewer	2026-08-27	Official CM/ECF order provenance and scoped disposition extraction; PACER login may be required; no controlled retained copy	NONE	not-assessed	The federal court stayed Gray Construction v. Future Meat Technologies Inc. pending state proceedings and required 90-day status reports; it did not adjudicate liability or establish the state receivership estate and priority waterfall; the public CM/ECF link may require PACER authentication.
BM-GAP-001	REF-LEGAL-OPERATOR	gap	none	V0	illustrative	NONE	2026-08-27	2026-11-27	FCA-research	NONE	NONE	NONE	NONE	NONE	public	false	not-applicable	NONE	NONE	NONE	NONE	question-only	NONE	NONE	NONE	NONE	not-assessed	Obtain current formation, ownership, good-standing, operating-authority, and estate-control records for every relevant entity.
BM-GAP-002	REF-FINANCING-OBLIGOR-AUTHORITY	gap	none	V0	illustrative	NONE	2026-08-27	2026-11-27	FCA-research	NONE	NONE	NONE	NONE	NONE	public	false	not-applicable	NONE	NONE	NONE	NONE	question-only	NONE	NONE	NONE	NONE	not-assessed	Obtain primary receivership and Chapter 15 orders, current authorized representatives, board authority, and the exact proposed financing obligor.
BM-GAP-003	REF-FACILITY-SITE	gap	none	V0	illustrative	NONE	2026-08-27	2026-11-27	FCA-research	NONE	NONE	NONE	NONE	NONE	public	false	not-applicable	NONE	NONE	NONE	NONE	question-only	NONE	NONE	NONE	NONE	not-assessed	Obtain survey, title or lease, easements, shared-service boundaries, off-site steps, occupancy records, and a controlled site crosswalk.
BM-GAP-004	REF-ASSET-PERIMETER	gap	none	V0	illustrative	NONE	2026-08-27	2026-11-27	FCA-research	NONE	NONE	NONE	NONE	NONE	public	false	not-applicable	NONE	NONE	NONE	NONE	question-only	NONE	NONE	NONE	NONE	not-assessed	Obtain the fixed-asset register, ownership, leases, liens, exclusions, estate schedules, permits, and proposed collateral perimeter.
BM-GAP-005	REF-PRODUCT-SPEC	gap	none	V0	illustrative	NONE	2026-08-27	2026-11-27	FCA-research	NONE	NONE	NONE	NONE	NONE	public	false	not-applicable	NONE	NONE	NONE	NONE	question-only	NONE	NONE	NONE	NONE	not-assessed	Obtain controlled finished-product and qualified-output specifications plus buyer-facing acceptance definitions.
BM-GAP-006	REF-PROCESS-BOUNDARY	gap	none	V0	illustrative	NONE	2026-08-27	2026-11-27	FCA-research	NONE	NONE	NONE	NONE	NONE	public	false	not-applicable	NONE	NONE	NONE	NONE	question-only	NONE	NONE	NONE	NONE	not-assessed	Obtain the exact cell bank, process version, equipment train, unit operations, change controls, and Wilson comparability crosswalk.
BM-GAP-007	REF-JURISDICTION	gap	none	V0	illustrative	NONE	2026-08-27	2026-11-27	FCA-research	NONE	NONE	NONE	NONE	NONE	public	false	not-applicable	NONE	NONE	NONE	NONE	question-only	NONE	NONE	NONE	NONE	not-assessed	Obtain intended production, sale, delivery, and enforcement jurisdictions from controlled legal and commercial records.
BM-GAP-008	REF-GOVERNING-LAW	gap	none	V0	illustrative	NONE	2026-08-27	2026-11-27	FCA-research	NONE	NONE	NONE	NONE	NONE	public	false	not-applicable	NONE	NONE	NONE	NONE	question-only	NONE	NONE	NONE	NONE	not-assessed	Obtain governing law, forum, dispute, insolvency, security, and enforcement analysis for each material contract and candidate instrument.
BM-GAP-009	REF-USE-OF-FUNDS	gap	none	V0	illustrative	NONE	2026-08-27	2026-11-27	FCA-research	NONE	NONE	NONE	NONE	NONE	public	false	not-applicable	NONE	NONE	NONE	NONE	question-only	NONE	NONE	NONE	NONE	not-assessed	Obtain a current board- or receiver-approved financing purpose, eligible uses, cost-to-complete, reserves, and reporting currency basis.
BM-GAP-010	REF-REGULATORY-FACILITY-SCOPE	gap	none	V0	illustrative	NONE	2026-08-27	2026-11-27	FCA-research	NONE	NONE	NONE	NONE	NONE	public	false	not-applicable	NONE	NONE	NONE	NONE	question-only	NONE	NONE	NONE	NONE	not-assessed	Obtain current FDA, FSIS, state, local, environmental, building, pressure, wastewater, label, and open-action records.
BM-GAP-011	REF-IP-RIGHTS-CONTINUITY	gap	none	V0	illustrative	NONE	2026-08-27	2026-11-27	FCA-research	NONE	NONE	NONE	NONE	NONE	public	false	not-applicable	NONE	NONE	NONE	NONE	question-only	NONE	NONE	NONE	NONE	not-assessed	Obtain IP chain of title, freedom-to-operate review, licences, insolvency continuity, escrow, cure, assignment, and step-in rights.
BM-GAP-012	TEC-COMPLETE-RUN-HISTORY	gap	none	V0	illustrative	NONE	2026-08-27	2026-11-27	FCA-research	NONE	NONE	NONE	NONE	NONE	public	false	not-applicable	NONE	NONE	NONE	NONE	question-only	NONE	NONE	NONE	NONE	not-assessed	Obtain the complete exact-project successful run and campaign population, including inclusion and exclusion logic.
BM-GAP-013	TEC-FAILED-RUNS	gap	none	V0	illustrative	NONE	2026-08-27	2026-11-27	FCA-research	NONE	NONE	NONE	NONE	NONE	public	false	not-applicable	NONE	NONE	NONE	NONE	question-only	NONE	NONE	NONE	NONE	not-assessed	Obtain all aborted, contaminated, out-of-specification, rejected, destroyed, and release-failed runs with root cause and disposition.
BM-GAP-014	TEC-MASS-BALANCE	gap	none	V0	illustrative	NONE	2026-08-27	2026-11-27	FCA-research	NONE	NONE	NONE	NONE	NONE	public	false	not-applicable	NONE	NONE	NONE	NONE	question-only	NONE	NONE	NONE	NONE	not-assessed	Obtain batch-level input, viable-cell, biomass, harvest, wash-loss, inventory, waste, release, shipment, and saleable-output reconciliation.
BM-GAP-015	TEC-UTILITY-COST	gap	none	V0	illustrative	NONE	2026-08-27	2026-11-27	FCA-research	NONE	NONE	NONE	NONE	NONE	public	false	not-applicable	NONE	NONE	NONE	NONE	question-only	NONE	NONE	NONE	NONE	not-assessed	Obtain calibrated-meter utilities and reconciled consumables, labor, quality, waste, maintenance, and general-ledger cost evidence.
BM-GAP-016	TEC-INDEPENDENT-REVIEW	gap	none	V0	illustrative	NONE	2026-08-27	2026-11-27	FCA-research	NONE	NONE	NONE	NONE	NONE	public	false	not-applicable	NONE	NONE	NONE	NONE	question-only	NONE	NONE	NONE	NONE	not-assessed	Obtain an independent engineer report covering technology readiness, scale transfer, commissioning, capacity, reliability, and limitations.
BM-GAP-017	CON-DESIGN-BASIS	gap	none	V0	illustrative	NONE	2026-08-27	2026-11-27	FCA-research	NONE	NONE	NONE	NONE	NONE	public	false	not-applicable	NONE	NONE	NONE	NONE	question-only	NONE	NONE	NONE	NONE	not-assessed	Obtain issued design basis, PFDs, P&IDs, equipment list, utility and mass balance, layout, controls, and capacity definition.
BM-GAP-018	CON-CAPEX-QUOTES	gap	none	V0	illustrative	NONE	2026-08-27	2026-11-27	FCA-research	NONE	NONE	NONE	NONE	NONE	public	false	not-applicable	NONE	NONE	NONE	NONE	question-only	NONE	NONE	NONE	NONE	not-assessed	Obtain original/current budgets, bids, executed commitments, invoices, changes, claims, spent-to-date, and cost-to-complete.
BM-GAP-019	CON-SCHEDULE	gap	none	V0	illustrative	NONE	2026-08-27	2026-11-27	FCA-research	NONE	NONE	NONE	NONE	NONE	public	false	not-applicable	NONE	NONE	NONE	NONE	question-only	NONE	NONE	NONE	NONE	not-assessed	Obtain baseline and current resource-loaded schedules, critical path, commissioning sequence, actual milestones, delay causes, and recovery plan.
BM-GAP-020	CON-CONTINGENCY	gap	none	V0	illustrative	NONE	2026-08-27	2026-11-27	FCA-research	NONE	NONE	NONE	NONE	NONE	public	false	not-applicable	NONE	NONE	NONE	NONE	question-only	NONE	NONE	NONE	NONE	not-assessed	Obtain quantified cost and schedule risk analyses, correlation basis, contingency policy, draw history, and remaining contingency.
BM-GAP-021	FIN-OPERATING-LEDGER	gap	none	V0	illustrative	NONE	2026-08-27	2026-11-27	FCA-research	NONE	NONE	NONE	NONE	NONE	public	false	not-applicable	NONE	NONE	NONE	NONE	question-only	NONE	NONE	NONE	NONE	not-assessed	Obtain audited ledgers and a bridge from physical batches through inventory, COGS, revenue, cash flow, and working capital.
BM-GAP-022	TEC-CRITICAL-SUPPLY	gap	none	V0	illustrative	NONE	2026-08-27	2026-11-27	FCA-research	NONE	NONE	NONE	NONE	NONE	public	false	not-applicable	NONE	NONE	NONE	NONE	question-only	NONE	NONE	NONE	NONE	not-assessed	Obtain critical media and input contracts, concentrations, lead times, quality rights, price, inventory, substitutes, and termination exposure.
BM-GAP-023	CON-UTILITY-CAPACITY	gap	none	V0	illustrative	NONE	2026-08-27	2026-11-27	FCA-research	NONE	NONE	NONE	NONE	NONE	public	false	not-applicable	NONE	NONE	NONE	NONE	question-only	NONE	NONE	NONE	NONE	not-assessed	Obtain executed utility and wastewater capacity, interconnection, service rights, tariffs, demand charges, curtailment, and upgrade obligations.
BM-GAP-024	TEC-OM-RESILIENCE	gap	none	V0	illustrative	NONE	2026-08-27	2026-11-27	FCA-research	NONE	NONE	NONE	NONE	NONE	public	false	not-applicable	NONE	NONE	NONE	NONE	question-only	NONE	NONE	NONE	NONE	not-assessed	Obtain O&M organization, staffing/ramp plan, service obligations, key-person risks, OT cybersecurity, data integrity, and continuity evidence.
BM-GAP-025	FIN-INSURANCE	gap	none	V0	illustrative	NONE	2026-08-27	2026-11-27	FCA-research	NONE	NONE	NONE	NONE	NONE	public	false	not-applicable	NONE	NONE	NONE	NONE	question-only	NONE	NONE	NONE	NONE	not-assessed	Obtain current and historical contamination, recall, product-liability, property, business-interruption, cyber, and D&O policies and claims.
BM-GAP-026	CON-DECOMMISSIONING	gap	none	V0	illustrative	NONE	2026-08-27	2026-11-27	FCA-research	NONE	NONE	NONE	NONE	NONE	public	false	not-applicable	NONE	NONE	NONE	NONE	question-only	NONE	NONE	NONE	NONE	not-assessed	Obtain closure, safe-shutdown, decommissioning, remediation, equipment disposition, cost, responsibility, permits, and funded assurance.
BM-GAP-027	REG-PRODUCT-SCOPE	gap	none	V0	illustrative	NONE	2026-08-27	2026-11-27	FCA-research	NONE	NONE	NONE	NONE	NONE	public	false	not-applicable	NONE	NONE	NONE	NONE	question-only	NONE	NONE	NONE	NONE	not-assessed	Obtain complete current FDA and FSIS product/process files, establishment status, grants, withdrawals, labels, claims, and sale conditions.
BM-GAP-028	REG-OPEN-CONDITIONS	gap	none	V0	illustrative	NONE	2026-08-27	2026-11-27	FCA-research	NONE	NONE	NONE	NONE	NONE	public	false	not-applicable	NONE	NONE	NONE	NONE	question-only	NONE	NONE	NONE	NONE	not-assessed	Obtain a signed regulator and permit action matrix with commitments, questions, observations, expiries, reactivation steps, and owners.
BM-GAP-029	COM-EXECUTED-OFFTAKE	gap	none	V0	illustrative	NONE	2026-08-27	2026-11-27	FCA-research	NONE	NONE	NONE	NONE	NONE	public	false	not-applicable	NONE	NONE	NONE	NONE	question-only	NONE	NONE	NONE	NONE	not-assessed	Obtain direct buyer mandate or executed demand obligations; distinguish development agreements, forecasts, MOUs, and nonbinding interest.
BM-GAP-030	COM-ACCEPTANCE	gap	none	V0	illustrative	NONE	2026-08-27	2026-11-27	FCA-research	NONE	NONE	NONE	NONE	NONE	public	false	not-applicable	NONE	NONE	NONE	NONE	question-only	NONE	NONE	NONE	NONE	not-assessed	Obtain contractual qualified-output definitions plus operationally measurable sampling, release, rejection, cure, and dispute protocols.
BM-GAP-031	COM-COUNTERPARTY-CREDIT	gap	none	V0	illustrative	NONE	2026-08-27	2026-11-27	FCA-research	NONE	NONE	NONE	NONE	NONE	public	false	not-applicable	NONE	NONE	NONE	NONE	question-only	NONE	NONE	NONE	NONE	not-assessed	Obtain counterparty identity, authority, audited capacity, ratings or support, collateral, limits, termination, and wrong-way-risk analysis.
BM-GAP-032	FIN-SOURCES-USES	gap	none	V0	illustrative	NONE	2026-08-27	2026-11-27	FCA-research	NONE	NONE	NONE	NONE	NONE	public	false	not-applicable	NONE	NONE	NONE	NONE	question-only	NONE	NONE	NONE	NONE	not-assessed	Obtain reconciled historical and proposed sources and uses, incentives, draws, eligible costs, reserves, fees, liens, and estate treatment.
BM-GAP-033	FIN-TERM-SHEET	gap	none	V0	illustrative	NONE	2026-08-27	2026-11-27	FCA-research	NONE	NONE	NONE	NONE	NONE	public	false	not-applicable	NONE	NONE	NONE	NONE	question-only	NONE	NONE	NONE	NONE	not-assessed	Obtain current controlled candidate terms for debt, equity, reservations, support, security, covenants, draws, repayment, default, and workout.
BM-GAP-034	FIN-TAX-ANALYSIS	gap	none	V0	illustrative	NONE	2026-08-27	2026-11-27	FCA-research	NONE	NONE	NONE	NONE	NONE	public	false	not-applicable	NONE	NONE	NONE	NONE	question-only	NONE	NONE	NONE	NONE	not-assessed	Obtain independent tax analysis for the actual arrangement, entities, jurisdictions, grants, withholding, transfer pricing, and insolvency.
BM-GAP-035	FIN-ACCOUNTING-ANALYSIS	gap	none	V0	illustrative	NONE	2026-08-27	2026-11-27	FCA-research	NONE	NONE	NONE	NONE	NONE	public	false	not-applicable	NONE	NONE	NONE	NONE	question-only	NONE	NONE	NONE	NONE	not-assessed	Obtain independent accounting and valuation analysis for revenue, leases, guarantees, derivatives, consolidation, impairment, and disclosure.
BM-GAP-036	FIN-LEGAL-ANALYSIS	gap	none	V0	illustrative	NONE	2026-08-27	2026-11-27	FCA-research	NONE	NONE	NONE	NONE	NONE	public	false	not-applicable	NONE	NONE	NONE	NONE	question-only	NONE	NONE	NONE	NONE	not-assessed	Obtain independent legal characterization covering authority, enforceability, regulatory perimeter, security, insolvency, and offering restrictions.
BM-GAP-037	CON-COMPLETION-TEST	gap	none	V0	illustrative	NONE	2026-08-27	2026-11-27	FCA-research	NONE	NONE	NONE	NONE	NONE	public	false	not-applicable	NONE	NONE	NONE	NONE	question-only	NONE	NONE	NONE	NONE	not-assessed	Obtain contractual mechanical, commissioning, reliability, capacity, product-release, unit-cost, cure, longstop, and independent certification tests.
BM-GAP-038	FIN-CLAIMS-RECOVERY	gap	none	V0	illustrative	NONE	2026-08-27	2026-11-27	FCA-research	NONE	NONE	NONE	NONE	NONE	public	false	not-applicable	NONE	NONE	NONE	NONE	question-only	NONE	NONE	NONE	NONE	not-assessed	Obtain primary complaints, judgments, liens, receivership orders, claims register, sale record, priorities, recoveries, and distribution waterfall.
BM-GAP-039	FIN-SPONSOR-EQUITY	gap	none	V0	illustrative	NONE	2026-08-27	2026-11-27	FCA-research	NONE	NONE	NONE	NONE	NONE	public	false	not-applicable	NONE	NONE	NONE	NONE	question-only	NONE	NONE	NONE	NONE	not-assessed	Obtain executed sponsor equity commitments, conditions, subordination, cure rights, proof of funds, draw history, and remaining capacity.
BM-GAP-040	INS-MILESTONE-MECHANICS	gap	none	V0	illustrative	NONE	2026-08-27	2026-11-27	FCA-research	NONE	NONE	NONE	NONE	NONE	public	false	not-applicable	NONE	NONE	NONE	NONE	question-only	NONE	NONE	NONE	NONE	not-assessed	Obtain objective staged-capital milestones, verifier, eligible costs, draw controls, stop, cure, re-baselining, and safe-workout terms.
BM-GAP-041	INS-PRICE-INDEX-GOVERNANCE	gap	none	V0	illustrative	NONE	2026-08-27	2026-11-27	FCA-research	NONE	NONE	NONE	NONE	NONE	public	false	not-applicable	NONE	NONE	NONE	NONE	question-only	NONE	NONE	NONE	NONE	not-assessed	Obtain benchmark governance, transaction history, basis analysis, manipulation controls, notional, caps, settlement, disruption, and fallback terms.
BM-GAP-042	INS-SUPPORT-PROVIDER-CREDIT	gap	none	V0	illustrative	NONE	2026-08-27	2026-11-27	FCA-research	NONE	NONE	NONE	NONE	NONE	public	false	not-applicable	NONE	NONE	NONE	NONE	question-only	NONE	NONE	NONE	NONE	not-assessed	Obtain support-provider authority, stressed funding capacity, appropriation or capital, collateral, claims protocol, exclusions, and recoveries.
BM-GAP-043	INS-COLLATERAL-CLOSEOUT	gap	none	V0	illustrative	NONE	2026-08-27	2026-11-27	FCA-research	NONE	NONE	NONE	NONE	NONE	public	false	not-applicable	NONE	NONE	NONE	NONE	question-only	NONE	NONE	NONE	NONE	not-assessed	Obtain collateral, margin, liquidity, set-off, netting, close-out, termination valuation, priority, subrogation, and no-double-recovery terms.
BM-GAP-044	IMP-FINANCING-ADDITIONALITY	gap	none	V0	illustrative	NONE	2026-08-27	2026-11-27	FCA-research	NONE	NONE	NONE	NONE	NONE	public	false	not-applicable	NONE	NONE	NONE	NONE	question-only	NONE	NONE	NONE	NONE	not-assessed	Pre-register the no-instrument funding counterfactual and evidence how the mechanism changes amount, cost, tenor, timing, or capacity.
BM-GAP-045	IMP-DISPLACEMENT-METHOD	gap	none	V0	illustrative	NONE	2026-08-27	2026-11-27	FCA-research	NONE	NONE	NONE	NONE	NONE	public	false	not-applicable	NONE	NONE	NONE	NONE	question-only	NONE	NONE	NONE	NONE	not-assessed	Pre-register substitution, leakage, rebound, price, geography, channel, market-boundary, attribution, and uncertainty methods.
BM-GAP-046	IMP-ANIMAL-INPUT-BASELINE	gap	none	V0	illustrative	NONE	2026-08-27	2026-11-27	FCA-research	NONE	NONE	NONE	NONE	NONE	public	false	not-applicable	NONE	NONE	NONE	NONE	question-only	NONE	NONE	NONE	NONE	not-assessed	Obtain exact source-animal, fertilized-egg, biopsy, animal-derived reagent, testing, bank-replacement, quantity, and frequency data.
BM-GAP-047	IMP-OBSERVED-FINANCING	gap	none	V0	illustrative	NONE	2026-08-27	2026-11-27	FCA-research	NONE	NONE	NONE	NONE	NONE	public	false	not-applicable	NONE	NONE	NONE	NONE	question-only	NONE	NONE	NONE	NONE	not-assessed	Obtain observed financing decision, funded amount, terms, timing, capacity change, and a documented no-instrument counterfactual.
BM-GAP-048	IMP-WELFARE-CONVERSION	gap	none	V0	illustrative	NONE	2026-08-27	2026-11-27	FCA-research	NONE	NONE	NONE	NONE	NONE	public	false	not-applicable	NONE	NONE	NONE	NONE	question-only	NONE	NONE	NONE	NONE	not-assessed	Define and independently review product yield, coproduct allocation, production-system and welfare boundaries, conversion, and uncertainty.
BM-GAP-049	FIN-FINANCING-FAILURE-DIAGNOSIS	gap	none	V0	illustrative	NONE	2026-08-27	2026-11-27	FCA-research	NONE	NONE	NONE	NONE	NONE	public	false	not-applicable	NONE	NONE	NONE	NONE	question-only	NONE	NONE	NONE	NONE	not-assessed	Obtain a reconciled financing history and independent diagnosis of the binding funding constraint, including unsupported and rejected alternatives.
BM-GAP-050	FIN-CAPITAL-ALTERNATIVES	gap	none	V0	illustrative	NONE	2026-08-27	2026-11-27	FCA-research	NONE	NONE	NONE	NONE	NONE	public	false	not-applicable	NONE	NONE	NONE	NONE	question-only	NONE	NONE	NONE	NONE	not-assessed	Obtain direct records from prospective capital providers documenting terms offered, declined structures, decision reasons, authority, and capacity.
BM-GAP-051	FIN-RECOVERY-VALUATION	gap	none	V0	illustrative	NONE	2026-08-27	2026-11-27	FCA-research	NONE	NONE	NONE	NONE	NONE	public	false	not-applicable	NONE	NONE	NONE	NONE	question-only	NONE	NONE	NONE	NONE	not-assessed	Obtain a reconciled claims register, independently reviewed asset and recovery values, administrative costs, priorities, and distribution waterfall.
BM-GAP-052	INS-PRICE-SETTLEMENT-MECHANICS	gap	none	V0	illustrative	NONE	2026-08-27	2026-11-27	FCA-research	NONE	NONE	NONE	NONE	NONE	public	false	not-applicable	NONE	NONE	NONE	NONE	question-only	NONE	NONE	NONE	NONE	not-assessed	Obtain executed physical-notional, settlement, cap, fallback, market-disruption, reconciliation, and payment mechanics with financial capacity evidence.
BM-GAP-053	INS-SUPPORT-CLAIMS-PROTOCOL	gap	none	V0	illustrative	NONE	2026-08-27	2026-11-27	FCA-research	NONE	NONE	NONE	NONE	NONE	public	false	not-applicable	NONE	NONE	NONE	NONE	question-only	NONE	NONE	NONE	NONE	not-assessed	Obtain executed support triggers, exclusions, claim submission and validation, cure, payment timing, subrogation, and recovery procedures with legal review.
BM-GAP-054	IMP-OBSERVED-OUTPUT-SALES	gap	none	V0	illustrative	NONE	2026-08-27	2026-11-27	FCA-research	NONE	NONE	NONE	NONE	NONE	public	false	not-applicable	NONE	NONE	NONE	NONE	question-only	NONE	NONE	NONE	NONE	not-assessed	Obtain reconciled released, sold, and paid output records, including cultivated fraction, returns, waste, channel, period, and revenue linkage.
BM-GAP-055	IMP-BUYER-SUBSTITUTION	gap	none	V0	illustrative	NONE	2026-08-27	2026-11-27	FCA-research	NONE	NONE	NONE	NONE	NONE	public	false	not-applicable	NONE	NONE	NONE	NONE	question-only	NONE	NONE	NONE	NONE	not-assessed	Obtain direct buyer purchasing records and independently reviewed evidence of whether conventional animal-product purchases actually changed.
BM-GAP-056	IMP-ATTRIBUTION-RESULT	gap	none	V0	illustrative	NONE	2026-08-27	2026-11-27	FCA-research	NONE	NONE	NONE	NONE	NONE	public	false	not-applicable	NONE	NONE	NONE	NONE	question-only	NONE	NONE	NONE	NONE	not-assessed	Obtain observed attribution results using buyer or market records, including leakage, rebound, competing causes, boundaries, and uncertainty.
BM-GAP-057	IMP-OUTCOME-ASSURANCE	gap	none	V0	illustrative	NONE	2026-08-27	2026-11-27	FCA-research	NONE	NONE	NONE	NONE	NONE	public	false	not-applicable	NONE	NONE	NONE	NONE	question-only	NONE	NONE	NONE	NONE	not-assessed	Obtain independent assurance over observed impact inputs, calculations, limitations, corrections, and versioned public release.
